Type,Value
IP,108.160.135.234
IP,137.220.37.23
IP,174.127.195.66
IP,174.127.195.67
IP,174.127.195.68
IP,174.127.195.69
IP,174.127.195.98
IP,174.127.195.102
IP,174.127.195.166
IP,174.127.195.171
IP,174.127.195.173
IP,174.127.195.176
IP,174.127.195.178
IP,174.127.195.180
IP,174.127.195.182
IP,174.127.195.183
IP,174.127.195.184
IP,174.127.195.186
IP,174.127.195.187
IP,174.127.195.188
IP,174.127.195.190
IP,174.127.195.195
IP,174.127.195.196
IP,174.127.195.198
IP,174.127.195.200
IP,174.127.195.201
IP,174.127.195.202
IP,174.127.195.205
IP,174.127.195.210
IP,174.127.195.211
IP,174.127.195.213
IP,174.127.195.226
IP,174.127.195.227
IP,174.127.195.228
IP,174.127.195.229
Domain,# 10/28/2025
Domain,1c2c3c.com
Domain,1c2c3c4c.com
Domain,1f2f3f.com
Domain,1g2g3g.com
Domain,1k2k3k.com
Domain,1m1m1m.net
Domain,1s2s3s.com
Domain,1s2s3s4s.com
Domain,1u2u3u.com
Domain,1u2u3u4u.com
Domain,1x2x3x.com
Domain,1y2y3y.com
Domain,1y2y3y4y.com
Domain,3d3d3d.net
Domain,505ciga.com
Domain,9dizhi.com
Domain,abitsaddy.net
Domain,acomacom.com
Domain,anyhardwork.com
Domain,bestbuyvip.com
Domain,bitcoff.net
Domain,bluerockcafe.com
Domain,bluerocks.cc
Domain,bobo123.one
Domain,btnihao.com
Domain,catsis.info
Domain,coldrice.net
Domain,dabosscafe.com
Domain,d44.icu
Domain,d44.club
Domain,fastspeedtank.net
Domain,gapipi.com
Domain,goeasyspeed.net
Domain,greatspaceforyou.com
Domain,hightemp.net
Domain,moregoldmoregold.com
Domain,mvavtv.com
Domain,mycafewow.com
Domain,mymegadaddy.com
Domain,mysisvip.com
Domain,nicehotea.com
Domain,nihao1.net
Domain,nihao2.net
Domain,nihao3.net
Domain,pathofporn.com
Domain,pinktechmate.net
Domain,poe2rocks.com
Domain,poedivyes.com
Domain,popopo.me
Domain,puzzlewithbox.com
Domain,scryamap.com
Domain,sexinsex.net
Domain,siscust.com
Domain,sischat.me
Domain,sis.xxx
Domain,sis5.net
Domain,sis6.net
Domain,sis8.net
Domain,sisav.club
Domain,sisav.one
Domain,sisbuy.net
Domain,simplerelase.com
Domain,solc.one
Domain,solpizzza.net
Domain,stepncafe.com
Domain,swimtoofast.com
Domain,thatsucks.info
Domain,t2t2t2.com
Domain,t6t6t6.com
Domain,t8t8t8.com
Domain,twinai.xyz
Domain,twopuresoul.com
Domain,v2r.club
Domain,vr1p.com
Domain,wellatpay.com
Domain,whatmakeyoufeelgood.com
Domain,whereismyhotdog.com
Domain,whereismyworld.com
Domain,whosmrbitcoin.com
Domain,whygamesolag.com
Domain,win4you.net
Domain,yaayaa.net
